{"cameraMode":{"drawMode":0,"name":"Shaded","section":"Shading Mode"},"sceneLighting":true,"audioPlay":false,"sceneViewState":{"showFog":true,"showMaterialUpdate":true,"showSkybox":true,"showFlares":true,"showImageEffects":true,"showParticleSystems":true},"in2DMode":false,"pivot":{"x":0.007736921310424805,"y":-0.3934757709503174,"z":13.0263032913208},"rotation":{"x":0.35525572299957278,"y":-0.5599018335342407,"z":0.2878696918487549,"w":0.6909664869308472},"size":2.5221502780914308,"orthographic":false}