{"cameraMode":{"drawMode":0,"name":"Shaded","section":"Shading Mode"},"sceneLighting":true,"audioPlay":false,"sceneViewState":{"showFog":true,"showMaterialUpdate":true,"showSkybox":true,"showFlares":true,"showImageEffects":true,"showParticleSystems":true},"in2DMode":false,"pivot":{"x":-3.311208724975586,"y":-11.537602424621582,"z":24.747344970703126},"rotation":{"x":0.2340354174375534,"y":-0.6770880222320557,"z":0.24218040704727174,"w":0.6543159484863281},"size":18.456104278564454,"orthographic":false}