{"cameraMode":{"drawMode":0,"name":"Shaded","section":"Shading Mode"},"sceneLighting":true,"audioPlay":false,"sceneViewState":{"showFog":true,"showMaterialUpdate":true,"showSkybox":true,"showFlares":true,"showImageEffects":true,"showParticleSystems":true},"in2DMode":false,"pivot":{"x":-1.9959642887115479,"y":2.078977108001709,"z":6.103695869445801},"rotation":{"x":0.048715341836214069,"y":-0.5520021319389343,"z":0.03232903406023979,"w":0.8317908048629761},"size":2.3159263134002687,"orthographic":false}