{"cameraMode":{"drawMode":0,"name":"Shaded","section":"Shading Mode"},"sceneLighting":true,"audioPlay":false,"sceneViewState":{"showFog":true,"showMaterialUpdate":true,"showSkybox":true,"showFlares":true,"showImageEffects":true,"showParticleSystems":true},"in2DMode":false,"pivot":{"x":1.8366785049438477,"y":0.7398339509963989,"z":-2.3114781379699709},"rotation":{"x":0.06799618154764176,"y":0.6454463601112366,"z":-0.05785559117794037,"w":0.758570671081543},"size":3.5358874797821047,"orthographic":false}