{"cameraMode":{"drawMode":0,"name":"Shaded","section":"Shading Mode"},"sceneLighting":true,"audioPlay":false,"sceneViewState":{"showFog":true,"showMaterialUpdate":true,"showSkybox":true,"showFlares":true,"showImageEffects":true,"showParticleSystems":true},"in2DMode":false,"pivot":{"x":3.9735169410705568,"y":3.155085563659668,"z":37.114803314208987},"rotation":{"x":0.35201385617256167,"y":-0.27469101548194888,"z":0.10890786349773407,"w":0.8881279826164246},"size":6.150001049041748,"orthographic":false}