{"cameraMode":{"drawMode":0,"name":"Shaded","section":"Shading Mode"},"sceneLighting":true,"audioPlay":false,"sceneViewState":{"showFog":true,"showMaterialUpdate":true,"showSkybox":true,"showFlares":true,"showImageEffects":true,"showParticleSystems":true},"in2DMode":false,"pivot":{"x":-0.1312885284423828,"y":-8.10306453704834,"z":25.777315139770509},"rotation":{"x":0.37186339497566225,"y":-0.40545907616615298,"z":0.18516641855239869,"w":0.8142693042755127},"size":13.305720329284668,"orthographic":false}